Date_Sampled,Sample_No,Sample_Point,Zone,Result,Units
2019-05-15,6075665,095A17,Southwold,0.1,NTU
2019-06-05,6092358,095A04,Southwold,0.1,NTU
2018-03-21,5484292,095A10,Southwold,0.05,NTU
2017-06-28,5264596,095A06,Southwold,0.05,NTU
2017-06-28,5264595,095A03,Southwold,0.1,NTU
2019-01-31,5924140,095A13,Southwold,0.2,NTU
2019-04-10,6026331,095A15,Southwold,0.2,NTU
2019-01-23,5923901,095A08,Southwold,0.3,NTU
2018-06-27,5605812,095A17,Southwold,0.3,NTU
2018-08-15,5735024,095A21,Southwold,0.3,NTU
2018-12-12,5889540,095A18,Southwold,0.3,NTU
2018-10-03,5798008,095A15,Southwold,0.2,NTU
2018-10-24,5798908,095A24,Southwold,0.1,NTU
2017-02-08,5039757,095A07,Southwold,0.2,NTU
2019-04-03,6025885,095A12,Southwold,0.1,NTU
2018-07-11,5690620,095A18,Southwold,0.1,NTU
2018-06-06,5581970,095A21,Southwold,0.1,NTU
2017-12-21,5387329,095A15,Southwold,0.2,NTU
2017-11-08,5385558,095A17,Southwold,0.1,NTU
2017-11-02,5385266,095A20,Southwold,0.2,NTU
2018-11-14,5847649,095A03,Southwold,0.2,NTU
2018-10-17,5798589,095A19,Southwold,0.3,NTU
2017-06-08,5198479,095A20,Southwold,0.2,NTU
2019-02-06,5942675,095A24,Southwold,0.2,NTU
2018-09-05,5765928,095A17,Southwold,0.2,NTU
2017-02-15,5040061,095A03,Southwold,0.1,NTU
2019-02-20,5943505,095A18,Southwold,0.1,NTU
2017-12-26,5387594,095A09,Southwold,0.2,NTU
2017-03-29,5093717,095A02,Southwold,0.2,NTU
2017-01-18,5019382,095A17,Southwold,0.2,NTU
2017-01-05,5018684,095A19,Southwold,0.2,NTU
2019-05-29,6076061,095A07,Southwold,0.2,NTU
2019-05-01,6075232,095A21,Southwold,0.2,NTU
2017-02-01,5039157,095A03,Southwold,0.2,NTU
2019-03-20,5987988,095A03,Southwold,0.2,NTU
2019-04-22,6027019,095A19,Southwold,0.1,NTU
2019-02-13,5943184,095A16,Southwold,5.277207947801799,NTU
2019-05-22,6075908,095A03,Southwold,0.2,NTU
2017-08-02,5280842,095A09,Southwold,0.05,NTU
2019-03-06,5987376,095A24,Southwold,0.2,NTU
2017-08-10,5281068,095A18,Southwold,0.1,NTU
2017-07-19,5252296,095A13,Southwold,0.05,NTU
2017-01-26,5019664,095A16,Southwold,0.2,NTU
2019-03-27,5988251,095A08,Southwold,0.2,NTU
2019-03-14,5987677,095A17,Southwold,0.2,NTU
2019-05-08,6075392,095A23,Southwold,0.2,NTU
2017-01-11,5019050,095A02,Southwold,0.2,NTU
2019-04-17,6026728,095A10,Southwold,0.3,NTU
2017-04-06,5131097,095A23,Southwold,0.2,NTU
2017-08-16,5281336,095A20,Southwold,0.1,NTU
2017-08-23,5281555,095A17,Southwold,0.2,NTU
2017-08-30,5281730,095A02,Southwold,0.1,NTU
2017-03-16,5093249,095A18,Southwold,0.3,NTU
2017-03-01,5092721,095A05,Southwold,0.2,NTU
2017-04-20,5132414,095A06,Southwold,0.05,NTU
2017-05-17,5173185,095A05,Southwold,0.1,NTU
2019-02-27,5943757,095A21,Southwold,0.2,NTU
2017-05-10,5172945,095A13,Southwold,0.2,NTU
2017-03-08,5092975,095A09,Southwold,0.2,NTU
2017-05-03,5172071,095A11,Southwold,0.1,NTU
2017-04-27,5132771,095A08,Southwold,0.1,NTU
2017-03-22,5093487,095A20,Southwold,0.2,NTU
2017-09-27,5282867,095A22,Southwold,0.1,NTU
2017-07-26,5297937,095A16,Southwold,0.05,NTU
2018-02-14,5460029,095A04,Southwold,0.05,NTU
2017-06-15,5198739,095A02,Southwold,0.1,NTU
2017-02-22,5040308,095A13,Southwold,0.2,NTU
2017-04-12,5132139,095A05,Southwold,0.1,NTU
2017-06-22,5199019,095A16,Southwold,0.05,NTU
2017-07-05,5251762,095A07,Southwold,0.1,NTU
2017-09-13,5282335,095A03,Southwold,0.1,NTU
2017-11-22,5386188,095A01,Southwold,0.1,NTU
2017-12-13,5387012,095A12,Southwold,0.2,NTU
2018-01-04,5457149,095A10,Southwold,0.2,NTU
2018-01-18,5457663,095A20,Southwold,0.2,NTU
2017-09-20,5282613,095A07,Southwold,4.523885949980468,NTU
2018-01-24,5457917,095A23,Southwold,0.1,NTU
2018-02-28,5566185,095A12,Southwold,0.05,NTU
2018-05-23,5581646,095A16,Southwold,0.1,NTU
2017-06-01,5173617,095A18,Southwold,0.1,NTU
2017-11-15,5385868,095A06,Southwold,0.5,NTU
2017-12-06,5386717,095A07,Southwold,0.1,NTU
2018-01-31,5459496,095A02,Southwold,0.1,NTU
2018-05-02,5580978,095A04,Southwold,0.1,NTU
2018-04-11,5614503,095A23,Southwold,0.2,NTU
2017-05-24,5173404,095A10,Southwold,0.2,NTU
2017-07-13,5283657,095A01,Southwold,0.05,NTU
2017-09-06,5281995,095A05,Southwold,0.1,NTU
2018-02-21,5460286,095A08,Southwold,0.05,NTU
2018-02-07,5459793,095A05,Southwold,0.1,NTU
2017-10-04,5343592,095A13,Southwold,0.1,NTU
2018-03-07,5462785,095A15,Southwold,0.05,NTU
2018-01-10,5457414,095A18,Southwold,0.1,NTU
2018-05-30,5581811,095A05,Southwold,0.05,NTU
2018-05-17,5581462,095A13,Southwold,0.1,NTU
2018-07-18,5690902,095A08,Southwold,5.467023970559239,NTU
2018-05-09,5581187,095A08,Southwold,0.1,NTU
2018-07-25,5691230,095A13,Southwold,0.2,NTU
2018-03-28,5605665,095A18,Southwold,0.05,NTU
2017-11-30,5386418,095A04,Southwold,0.1,NTU
2018-04-18,5580555,095A06,Southwold,5.532649630215019,NTU
2018-04-26,5580800,095A13,Southwold,0.1,NTU
2018-08-08,5734735,095A10,Southwold,0.3,NTU
2018-11-01,5799161,095A20,Southwold,0.3,NTU
2018-11-21,5847971,095A08,Southwold,4.147187627851963,NTU
2018-12-19,5889899,095A19,Southwold,0.2,NTU
2018-08-22,5735230,095A20,Southwold,0.2,NTU
2018-09-20,5766505,095A04,Southwold,0.3,NTU
2019-01-09,5923397,095A17,Southwold,0.2,NTU
2017-10-18,5344267,095A10,Southwold,0.1,NTU
2017-10-25,5344537,095A18,Southwold,0.1,NTU
2018-06-20,5594857,095A22,Southwold,0.2,NTU
2018-03-15,5577974,095A16,Southwold,4.353568011894822,NTU
2018-08-01,5734526,095A09,Southwold,0.3,NTU
2018-12-05,5889199,095A09,Southwold,0.1,NTU
2019-01-16,5923647,095A03,Southwold,0.2,NTU
2018-06-14,5582215,095A19,Southwold,0.1,NTU
2018-07-04,5690304,095A03,Southwold,0.1,NTU
2018-08-29,5737424,095A23,Southwold,0.2,NTU
2018-09-26,5766733,095A12,Southwold,0.2,NTU
2017-10-11,5343959,095A05,Southwold,0.2,NTU
2018-11-28,5848218,095A12,Southwold,0.2,NTU
2018-09-12,5766221,095A03,Southwold,0.3,NTU
2018-12-23,5890150,095A22,Southwold,0.3,NTU
2019-01-03,5923100,095A20,Southwold,0.2,NTU
2018-10-10,5798292,095A10,Southwold,0.2,NTU
2018-11-07,5847280,095A02,Southwold,0.2,NTU
2019-05-15,6075666,095F03,Wakefield,0.1,NTU
2019-01-16,5923650,095F02,Wakefield,0.2,NTU
2018-10-03,5798010,095F04,Wakefield,0.2,NTU
2018-06-27,5605813,095F01,Wakefield,0.6,NTU
2018-11-21,5847972,095F02,Wakefield,0.1,NTU
2019-01-31,5924134,095F01,Wakefield,0.2,NTU
2019-01-23,5923902,095F04,Wakefield,0.2,NTU
2018-08-15,5735026,095F02,Wakefield,0.2,NTU
2017-06-08,5198489,095F01,Wakefield,0.1,NTU
2017-02-08,5039759,095F02,Wakefield,0.3,NTU
2019-04-03,6025887,095F04,Wakefield,4.592869692482054,NTU
2018-06-06,5581981,095F04,Wakefield,0.3,NTU
2017-11-02,5385269,095F03,Wakefield,0.1,NTU
2018-10-17,5798591,095F03,Wakefield,0.2,NTU
2019-02-06,5942677,095F02,Wakefield,0.2,NTU
2019-02-20,5943508,095F03,Wakefield,0.2,NTU
2018-07-11,5690613,095F01,Wakefield,0.2,NTU
2018-10-24,5798909,095F01,Wakefield,0.2,NTU
2019-06-05,6092360,095F02,Wakefield,0.2,NTU
2019-05-29,6076063,095F03,Wakefield,0.2,NTU
2018-12-12,5889541,095F04,Wakefield,5.554812424816191,NTU
2017-12-26,5387614,095F02,Wakefield,0.1,NTU
2017-11-08,5385559,095F04,Wakefield,0.3,NTU
2018-03-21,5587102,095F02,Wakefield,0.05,NTU
2017-03-29,5093731,095F01,Wakefield,0.2,NTU
2017-01-18,5019384,095F03,Wakefield,0.2,NTU
2019-02-13,5943185,095F01,Wakefield,0.2,NTU
2019-03-14,5987678,095F01,Wakefield,0.2,NTU
2018-09-05,5765929,095F02,Wakefield,0.2,NTU
2017-12-21,5387331,095F04,Wakefield,0.3,NTU
2019-05-01,6075234,095F02,Wakefield,4.469265565741807,NTU
2019-03-20,5987991,095F03,Wakefield,0.2,NTU
2017-01-04,5018685,095F01,Wakefield,0.2,NTU
2019-04-10,6026333,095F02,Wakefield,0.2,NTU
2017-01-11,5019053,095F04,Wakefield,0.2,NTU
2019-05-22,6075910,095F01,Wakefield,5.995478489436209,NTU
2019-02-27,5943759,095F02,Wakefield,0.2,NTU
2017-08-02,5280843,095F01,Wakefield,0.05,NTU
2017-02-22,5040310,095F04,Wakefield,0.2,NTU
2017-05-17,5173187,095F04,Wakefield,0.2,NTU
2017-04-27,5132772,095F03,Wakefield,0.1,NTU
2018-12-27,5890152,095F03,Wakefield,0.1,NTU
2019-03-06,5987377,095F04,Wakefield,0.3,NTU
2017-08-10,5281070,095F03,Wakefield,0.1,NTU
2017-03-16,5093251,095F04,Wakefield,0.3,NTU
2017-02-15,5040063,095F03,Wakefield,0.1,NTU
2017-04-06,5131099,095F03,Wakefield,5.892239688895643,NTU
2017-03-22,5093489,095F02,Wakefield,0.2,NTU
2019-03-27,5988252,095F02,Wakefield,0.2,NTU
2017-06-15,5198741,095F04,Wakefield,4.091738400049508,NTU
2019-04-22,6027020,095F01,Wakefield,0.8,NTU
2017-01-26,5019644,095F01,Wakefield,0.2,NTU
2017-05-03,5172073,095F01,Wakefield,0.1,NTU
2017-06-28,5199194,095F03,Wakefield,0.05,NTU
2017-07-05,5272642,095F01,Wakefield,0.1,NTU
2017-08-16,5281350,095F04,Wakefield,0.2,NTU
2017-08-23,5281565,095F01,Wakefield,0.2,NTU
2017-02-01,5039159,095F01,Wakefield,0.2,NTU
2017-03-01,5092723,095F01,Wakefield,0.2,NTU
2017-04-20,5132429,095F02,Wakefield,0.1,NTU
2017-08-30,5281731,095F03,Wakefield,0.1,NTU
2017-09-13,5282337,095F01,Wakefield,0.1,NTU
2017-05-10,5172948,095F03,Wakefield,0.2,NTU
2017-03-08,5092978,095F03,Wakefield,0.2,NTU
2017-04-11,5132125,095F04,Wakefield,0.2,NTU
2017-09-27,5282882,095F04,Wakefield,0.2,NTU
2017-07-26,5252497,095F02,Wakefield,0.05,NTU
2019-05-08,6075394,095F04,Wakefield,0.1,NTU
2019-04-17,6026730,095F03,Wakefield,0.2,NTU
2017-06-22,5199004,095F02,Wakefield,0.05,NTU
2017-12-13,5387014,095F03,Wakefield,0.1,NTU
2018-02-15,5460031,095F03,Wakefield,0.1,NTU
2017-11-22,5386190,095F03,Wakefield,0.2,NTU
2018-01-18,5457665,095F02,Wakefield,0.1,NTU
2017-09-20,5282615,095F02,Wakefield,0.1,NTU
2018-01-24,5457918,095F03,Wakefield,0.1,NTU
2018-02-28,5460528,095F02,Wakefield,0.2,NTU
2018-05-09,5581190,095F02,Wakefield,0.2,NTU
2018-06-14,5582217,095F04,Wakefield,0.7,NTU
2017-11-15,5385869,095F02,Wakefield,0.1,NTU
2018-04-05,5609388,095F01,Wakefield,0.05,NTU
2018-01-31,5459498,095F01,Wakefield,0.1,NTU
2018-02-07,5459773,095F04,Wakefield,4.928617761004716,NTU
2018-05-02,5580980,095F04,Wakefield,0.1,NTU
2018-03-15,5472336,095F01,Wakefield,0.2,NTU
2017-05-24,5173406,095F02,Wakefield,0.2,NTU
2017-07-13,5252039,095F03,Wakefield,0.1,NTU
2018-01-04,5457151,095F01,Wakefield,0.2,NTU
2018-04-18,5580556,095F03,Wakefield,0.05,NTU
2018-07-25,5691237,095F04,Wakefield,0.3,NTU
2017-07-19,5290440,095F04,Wakefield,0.05,NTU
2017-09-06,5281987,095F04,Wakefield,0.1,NTU
2017-06-01,5173619,095F03,Wakefield,0.1,NTU
2017-12-06,5386720,095F02,Wakefield,0.2,NTU
2017-11-30,5386419,095F01,Wakefield,0.1,NTU
2018-04-11,5580288,095F04,Wakefield,0.2,NTU
2018-06-20,5594859,095F02,Wakefield,0.3,NTU
2017-10-04,5343595,095F03,Wakefield,0.1,NTU
2018-02-21,5555617,095F04,Wakefield,0.2,NTU
2018-03-07,5569046,095F04,Wakefield,0.2,NTU
2018-01-10,5457416,095F03,Wakefield,0.3,NTU
2018-05-23,5581647,095F03,Wakefield,0.1,NTU
2018-05-30,5581813,095F02,Wakefield,0.05,NTU
2018-07-18,5690904,095F02,Wakefield,0.2,NTU
2018-07-04,5690306,095F04,Wakefield,0.6,NTU
2018-11-14,5847696,095F03,Wakefield,0.4,NTU
2018-04-26,5580793,095F01,Wakefield,0.1,NTU
2018-08-22,5735232,095F01,Wakefield,0.1,NTU
2018-08-29,5737425,095F04,Wakefield,1.4,NTU
2018-11-28,5848220,095F04,Wakefield,0.2,NTU
2018-09-26,5766735,095F02,Wakefield,0.2,NTU
2018-11-01,5799163,095F03,Wakefield,4.3501138663850725,NTU
2018-10-10,5798294,095F01,Wakefield,4.048242611810565,NTU
2017-10-25,5344539,095F04,Wakefield,0.2,NTU
2018-08-08,5734751,095F04,Wakefield,0.2,NTU
2019-01-09,5923398,095F03,Wakefield,0.2,NTU
2018-03-28,5491407,095F04,Wakefield,0.1,NTU
2018-12-05,5889202,095F03,Wakefield,0.1,NTU
2018-08-01,5734528,095F01,Wakefield,0.2,NTU
2018-09-20,5766519,095F01,Wakefield,0.2,NTU
2017-10-11,5343973,095F01,Wakefield,0.2,NTU
2017-10-18,5344269,095F02,Wakefield,0.1,NTU
2018-05-17,5661648,095F01,Wakefield,0.05,NTU
2018-09-12,5766224,095F03,Wakefield,0.2,NTU
2018-12-19,5889901,095F01,Wakefield,0.2,NTU
2019-01-03,5923102,095F04,Wakefield,0.2,NTU
2018-11-07,5847282,095F01,Wakefield,0.1,NTU
2019-05-15,6075667,095H13,Tarnstead,0.1,NTU
2018-10-03,5798013,095H19,Tarnstead,0.3,NTU
2017-06-28,5264612,095H06,Tarnstead,0.05,NTU
2019-01-31,5924136,095H24,Tarnstead,0.2,NTU
2019-04-10,6026334,095H05,Tarnstead,0.1,NTU
2019-01-23,5923903,095H12,Tarnstead,0.4,NTU
2018-06-27,5605814,095H13,Tarnstead,0.1,NTU
2018-08-15,5735027,095H20,Tarnstead,0.1,NTU
2018-12-12,5889544,095H06,Tarnstead,0.3,NTU
2018-10-24,5798926,095H22,Tarnstead,0.1,NTU
2019-04-22,6027021,095H01,Tarnstead,0.2,NTU
2018-06-06,5581982,095H01,Tarnstead,0.2,NTU
2018-10-17,5798592,095H20,Tarnstead,0.1,NTU
2017-12-26,5387616,095H19,Tarnstead,4.825020200572908,NTU
2017-06-08,5198491,095H12,Tarnstead,0.3,NTU
2019-02-06,5942678,095H03,Tarnstead,0.3,NTU
2017-01-05,5018686,095H23,Tarnstead,0.2,NTU
2018-12-23,5890154,095H22,Tarnstead,0.3,NTU
2018-11-14,5847698,095H16,Tarnstead,0.1,NTU
2017-11-02,5385272,095H10,Tarnstead,0.1,NTU
2017-05-17,5173188,095H09,Tarnstead,0.1,NTU
2017-02-15,5040066,095H06,Tarnstead,0.2,NTU
2019-02-20,5943520,095H01,Tarnstead,0.2,NTU
2019-04-03,6025890,095H25,Tarnstead,0.4,NTU
2019-01-16,5923662,095H16,Tarnstead,0.1,NTU
2017-11-08,5385562,095H06,Tarnstead,0.1,NTU
2017-03-29,5093733,095H18,Tarnstead,0.2,NTU
2017-01-18,5019393,095H16,Tarnstead,0.2,NTU
2019-03-20,5987993,095H16,Tarnstead,0.2,NTU
2019-03-27,5988253,095H12,Tarnstead,0.2,NTU
2017-12-21,5387332,095H11,Tarnstead,0.2,NTU
2019-05-01,6075235,095H21,Tarnstead,4.362040729727596,NTU
2017-02-01,5039160,095H19,Tarnstead,0.3,NTU
2019-05-29,6076064,095H11,Tarnstead,0.2,NTU
2019-06-05,6092361,095H23,Tarnstead,0.1,NTU
2017-02-08,5039774,095H10,Tarnstead,0.2,NTU
2019-02-13,5943188,095H19,Tarnstead,5.950611718464643,NTU
2017-01-11,5019055,095H13,Tarnstead,0.2,NTU
2019-05-22,6075911,095H16,Tarnstead,0.2,NTU
2017-02-22,5040323,095H20,Tarnstead,0.2,NTU
2017-03-08,5092979,095H08,Tarnstead,0.2,NTU
2017-08-16,5281351,095H10,Tarnstead,0.05,NTU
2017-08-30,5281732,095H05,Tarnstead,0.2,NTU
2019-04-17,6026731,095H19,Tarnstead,0.2,NTU
2017-08-10,5281073,095H18,Tarnstead,0.3,NTU
2017-06-15,5198743,095H10,Tarnstead,4.767170769162476,NTU
2017-03-22,5093490,095H15,Tarnstead,0.2,NTU
2019-05-08,6075395,095H03,Tarnstead,0.2,NTU
2019-02-27,5943760,095H21,Tarnstead,0.3,NTU
2017-05-10,5172951,095H22,Tarnstead,0.1,NTU
2017-05-03,5172074,095H20,Tarnstead,0.2,NTU
2017-04-27,5132773,095H01,Tarnstead,0.1,NTU
2017-07-05,5251763,095H02,Tarnstead,0.05,NTU
2019-03-06,5987378,095H03,Tarnstead,0.4,NTU
2017-08-23,5281566,095H04,Tarnstead,0.1,NTU
2017-03-16,5093252,095H11,Tarnstead,0.2,NTU
2017-03-01,5092724,095H03,Tarnstead,0.2,NTU
2017-04-20,5132431,095H05,Tarnstead,0.1,NTU
2019-03-14,5987679,095H13,Tarnstead,0.2,NTU
2017-04-06,5131102,095H07,Tarnstead,5.6461250353604555,NTU
2017-04-12,5132128,095H19,Tarnstead,0.1,NTU
2017-09-27,5282883,095H13,Tarnstead,0.1,NTU
2017-08-02,5280844,095H11,Tarnstead,0.05,NTU
2017-01-26,5019646,095H12,Tarnstead,0.2,NTU
2017-06-22,5199005,095H04,Tarnstead,0.05,NTU
2017-09-13,5282338,095H20,Tarnstead,0.1,NTU
2018-02-15,5460035,095H14,Tarnstead,0.05,NTU
2017-11-22,5386191,095H03,Tarnstead,0.3,NTU
2018-01-18,5457668,095H06,Tarnstead,0.1,NTU
2018-01-24,5457919,095H20,Tarnstead,0.05,NTU
2018-04-11,5614514,095H22,Tarnstead,0.1,NTU
2017-05-24,5173408,095H14,Tarnstead,0.2,NTU
2017-06-01,5173620,095H15,Tarnstead,4.559400530997664,NTU
2017-11-15,5385870,095H20,Tarnstead,0.1,NTU
2017-07-26,5297944,095H14,Tarnstead,0.05,NTU
2017-09-20,5282616,095H03,Tarnstead,0.2,NTU
2018-01-31,5459500,095H22,Tarnstead,0.1,NTU
2018-05-02,5580981,095H18,Tarnstead,0.3,NTU
2018-05-30,5581814,095H06,Tarnstead,0.1,NTU
2018-05-08,5581202,095H11,Tarnstead,0.1,NTU
2018-03-15,5577975,095H19,Tarnstead,0.05,NTU
2017-07-13,5283658,095H22,Tarnstead,0.05,NTU
2017-09-06,5281990,095H06,Tarnstead,0.1,NTU
2018-01-04,5457152,095H07,Tarnstead,0.3,NTU
2018-07-25,5691239,095H19,Tarnstead,0.2,NTU
2017-07-19,5252297,095H09,Tarnstead,0.3,NTU
2017-12-06,5386721,095H09,Tarnstead,0.1,NTU
2018-02-07,5459774,095H08,Tarnstead,0.2,NTU
2018-02-28,5566186,095H11,Tarnstead,0.05,NTU
2018-04-05,5580000,095H20,Tarnstead,0.05,NTU
2018-07-11,5690616,095H23,Tarnstead,0.1,NTU
2018-04-18,5580557,095H08,Tarnstead,0.05,NTU
2018-06-20,5594860,095H03,Tarnstead,0.3,NTU
2017-10-04,5343598,095H23,Tarnstead,0.1,NTU
2018-03-07,5462787,095H12,Tarnstead,0.05,NTU
2017-12-13,5387015,095H15,Tarnstead,0.2,NTU
2018-01-10,5457419,095H10,Tarnstead,0.1,NTU
2018-05-23,5581650,095H10,Tarnstead,0.05,NTU
2018-03-21,5484310,095H10,Tarnstead,0.05,NTU
2018-07-18,5690906,095H24,Tarnstead,0.2,NTU
2017-11-30,5386420,095H08,Tarnstead,0.1,NTU
2018-02-21,5460297,095H23,Tarnstead,4.044860344845802,NTU
2018-04-26,5580794,095H14,Tarnstead,4.3867377657443285,NTU
2018-08-22,5735233,095H03,Tarnstead,0.2,NTU
2018-08-29,5737426,095H09,Tarnstead,0.2,NTU
2018-09-26,5766737,095H07,Tarnstead,0.3,NTU
2018-11-01,5799164,095H08,Tarnstead,0.1,NTU
2018-11-21,5847984,095H12,Tarnstead,0.1,NTU
2018-12-19,5889902,095H20,Tarnstead,0.3,NTU
2017-10-11,5343976,095H16,Tarnstead,0.1,NTU
2018-08-08,5734754,095H06,Tarnstead,0.3,NTU
2018-12-05,5889203,095H05,Tarnstead,0.2,NTU
2017-10-18,5344271,095H07,Tarnstead,0.2,NTU
2017-10-25,5344540,095H24,Tarnstead,0.1,NTU
2018-03-28,5491408,095H06,Tarnstead,0.05,NTU
2019-01-09,5923399,095H13,Tarnstead,0.2,NTU
2018-06-14,5582218,095H20,Tarnstead,0.1,NTU
2018-07-04,5690307,095H15,Tarnstead,0.1,NTU
2018-09-05,5765944,095H14,Tarnstead,0.2,NTU
2018-09-20,5766520,095H12,Tarnstead,0.3,NTU
2018-11-28,5848222,095H07,Tarnstead,0.2,NTU
2018-08-01,5734529,095H05,Tarnstead,0.2,NTU
2018-05-17,5581463,095H07,Tarnstead,0.05,NTU
2018-09-12,5766226,095H16,Tarnstead,5.119913098402321,NTU
2018-10-10,5798308,095H06,Tarnstead,0.2,NTU
2019-01-03,5923104,095H08,Tarnstead,0.1,NTU
2018-11-07,5847283,095H13,Tarnstead,0.2,NTU
2019-06-05,6092364,095J03,Blancathey,0.1,NTU
2018-10-03,5798014,095J05,Blancathey,0.2,NTU
2018-07-18,5690912,095J05,Blancathey,0.2,NTU
2017-06-28,5264598,095J12,Blancathey,0.05,NTU
2019-04-10,6026337,095J14,Blancathey,0.2,NTU
2018-12-23,5890155,095J01,Blancathey,0.2,NTU
2018-12-12,5889547,095J15,Blancathey,0.4,NTU
2018-08-15,5735030,095J02,Blancathey,0.1,NTU
2017-01-18,5019395,095J01,Blancathey,0.3,NTU
2018-03-21,5484311,095J01,Blancathey,0.05,NTU
2017-06-08,5198494,095J11,Blancathey,0.2,NTU
2017-02-08,5039775,095J12,Blancathey,0.2,NTU
2018-11-14,5847700,095J08,Blancathey,0.1,NTU
2017-12-21,5387335,095J05,Blancathey,0.2,NTU
2018-07-11,5690617,095J04,Blancathey,0.1,NTU
2018-10-17,5798594,095J01,Blancathey,0.3,NTU
2019-02-06,5942680,095J14,Blancathey,0.3,NTU
2019-02-20,5943524,095J05,Blancathey,0.2,NTU
2017-11-02,5385286,095J11,Blancathey,0.2,NTU
2017-05-17,5173191,095J04,Blancathey,5.899542780127376,NTU
2019-05-15,6075670,095J01,Blancathey,0.1,NTU
2017-02-01,5039162,095J08,Blancathey,0.2,NTU
2019-01-31,5924137,095J13,Blancathey,0.2,NTU
2019-01-16,5923664,095J03,Blancathey,0.2,NTU
2018-11-21,5847987,095J13,Blancathey,0.1,NTU
2017-03-29,5093734,095J01,Blancathey,0.2,NTU
2017-01-04,5018699,095J06,Blancathey,0.2,NTU
2019-05-29,6076066,095J12,Blancathey,0.2,NTU
2019-03-14,5987684,095J02,Blancathey,0.1,NTU
2019-04-03,6025891,095J09,Blancathey,0.2,NTU
2018-06-06,5581984,095J02,Blancathey,0.1,NTU
2019-05-01,6075237,095J06,Blancathey,0.1,NTU
2019-03-20,5988004,095J12,Blancathey,0.1,NTU
2017-01-11,5019057,095J07,Blancathey,0.2,NTU
2019-05-22,6075913,095J11,Blancathey,0.2,NTU
2019-04-22,6027023,095J05,Blancathey,0.3,NTU
2019-02-13,5943203,095J10,Blancathey,0.1,NTU
2019-02-27,5943762,095J15,Blancathey,0.2,NTU
2017-08-02,5280845,095J05,Blancathey,0.05,NTU
2017-02-22,5040325,095J14,Blancathey,0.2,NTU
2017-04-20,5132434,095J13,Blancathey,0.1,NTU
2019-04-17,6026733,095J04,Blancathey,5.34685005620122,NTU
2019-03-27,5988255,095J08,Blancathey,0.2,NTU
2017-08-10,5281075,095J07,Blancathey,0.1,NTU
2017-03-22,5093492,095J11,Blancathey,0.3,NTU
2019-05-08,6075399,095J15,Blancathey,0.1,NTU
2017-04-27,5132791,095J09,Blancathey,5.564207276329398,NTU
2017-05-03,5172078,095J10,Blancathey,0.1,NTU
2017-08-16,5281354,095J11,Blancathey,0.1,NTU
2017-07-19,5252310,095J15,Blancathey,0.05,NTU
2019-03-06,5987394,095J07,Blancathey,0.3,NTU
2017-08-23,5281567,095J02,Blancathey,4.172139112371951,NTU
2017-04-06,5131104,095J02,Blancathey,0.2,NTU
2017-02-15,5040067,095J09,Blancathey,0.1,NTU
2017-03-16,5093255,095J06,Blancathey,0.3,NTU
2017-03-01,5092726,095J15,Blancathey,0.2,NTU
2017-09-13,5282342,095J13,Blancathey,5.6181716322898865,NTU
2017-05-10,5172952,095J14,Blancathey,0.2,NTU
2017-03-08,5092991,095J04,Blancathey,0.2,NTU
2017-04-12,5132133,095J03,Blancathey,0.1,NTU
2017-08-30,5281733,095J03,Blancathey,0.3,NTU
2017-09-27,5282884,095J14,Blancathey,0.1,NTU
2017-06-15,5198746,095J02,Blancathey,0.2,NTU
2017-01-26,5019647,095J03,Blancathey,0.2,NTU
2017-06-22,5199006,095J08,Blancathey,0.05,NTU
2017-07-05,5251764,095J13,Blancathey,0.05,NTU
2017-12-13,5387019,095J15,Blancathey,0.1,NTU
2017-12-26,5387619,095J06,Blancathey,0.2,NTU
2017-11-15,5385873,095J08,Blancathey,0.1,NTU
2018-02-15,5460032,095J14,Blancathey,0.1,NTU
2017-11-22,5386192,095J09,Blancathey,0.2,NTU
2018-01-18,5457679,095J11,Blancathey,4.671723335515708,NTU
2018-01-24,5457921,095J03,Blancathey,0.05,NTU
2018-04-26,5580797,095J14,Blancathey,4.184449760243297,NTU
2017-06-01,5173652,095J07,Blancathey,0.1,NTU
2018-01-31,5459501,095J08,Blancathey,0.1,NTU
2018-05-02,5580986,095J10,Blancathey,0.1,NTU
2018-05-08,5581205,095J15,Blancathey,0.2,NTU
2018-03-15,5577976,095J06,Blancathey,0.05,NTU
2017-05-24,5173409,095J06,Blancathey,5.475887265522033,NTU
2017-07-13,5283661,095J10,Blancathey,0.05,NTU
2017-09-20,5282621,095J10,Blancathey,0.1,NTU
2018-01-04,5457154,095J07,Blancathey,5.531372198369354,NTU
2018-02-21,5460298,095J04,Blancathey,5.498520554509014,NTU
2018-05-30,5581815,095J01,Blancathey,0.1,NTU
2018-07-25,5691240,095J15,Blancathey,0.2,NTU
2017-07-26,5297954,095J04,Blancathey,0.05,NTU
2017-09-06,5281991,095J08,Blancathey,0.05,NTU
2017-12-06,5386736,095J10,Blancathey,0.2,NTU
2018-02-07,5459777,095J09,Blancathey,0.1,NTU
2018-04-11,5614504,095J08,Blancathey,5.37272357288748,NTU
2018-02-28,5566187,095J15,Blancathey,0.1,NTU
2018-01-10,5457420,095J01,Blancathey,0.1,NTU
2018-06-27,5605816,095J09,Blancathey,0.2,NTU
2018-08-08,5734757,095J07,Blancathey,0.3,NTU
2017-10-04,5343612,095J15,Blancathey,0.1,NTU
2018-03-07,5462789,095J05,Blancathey,0.05,NTU
2018-05-23,5581651,095J07,Blancathey,0.5,NTU
2018-07-04,5690314,095J13,Blancathey,0.2,NTU
2017-11-30,5386421,095J13,Blancathey,0.1,NTU
2018-04-18,5580560,095J13,Blancathey,0.1,NTU
2018-06-14,5582222,095J12,Blancathey,0.1,NTU
2018-09-05,5765946,095J08,Blancathey,0.3,NTU
2018-04-04,5580001,095J12,Blancathey,0.05,NTU
2018-08-22,5735235,095J12,Blancathey,0.3,NTU
2018-08-29,5737428,095J03,Blancathey,0.2,NTU
2018-09-26,5766738,095J04,Blancathey,0.2,NTU
2018-11-01,5799170,095J11,Blancathey,0.2,NTU
2017-10-25,5344541,095J01,Blancathey,0.1,NTU
2017-11-08,5385563,095J03,Blancathey,0.1,NTU
2018-03-28,5605666,095J11,Blancathey,0.05,NTU
2018-12-05,5889206,095J04,Blancathey,0.1,NTU
2019-01-23,5923905,095J09,Blancathey,0.2,NTU
2018-08-01,5734531,095J06,Blancathey,0.2,NTU
2018-09-20,5766523,095J14,Blancathey,0.3,NTU
2018-11-28,5848225,095J10,Blancathey,0.2,NTU
2019-01-09,5923402,095J11,Blancathey,0.1,NTU
2017-10-11,5343977,095J05,Blancathey,0.1,NTU
2017-10-18,5344278,095J07,Blancathey,0.1,NTU
2018-05-17,5581464,095J06,Blancathey,0.1,NTU
2018-06-20,5594868,095J08,Blancathey,0.2,NTU
2018-09-12,5766240,095J09,Blancathey,0.2,NTU
2018-10-24,5798927,095J02,Blancathey,0.2,NTU
2019-01-03,5923106,095J02,Blancathey,0.2,NTU
2018-12-19,5889904,095J07,Blancathey,0.2,NTU
2018-10-10,5798309,095J06,Blancathey,0.2,NTU
2018-11-07,5847296,095J12,Blancathey,0.1,NTU
2019-01-16,5923666,095M01,Swadlincote,0.2,NTU
2018-12-12,5889558,095M01,Swadlincote,0.3,NTU
2017-02-01,5039163,095M01,Swadlincote,0.2,NTU
2017-06-28,5264601,095M01,Swadlincote,0.05,NTU
2019-05-01,6075238,095M01,Swadlincote,0.2,NTU
2019-01-31,5924138,095M05,Swadlincote,0.2,NTU
2018-12-23,5890156,095M05,Swadlincote,0.2,NTU
2018-08-15,5735033,095M02,Swadlincote,0.1,NTU
2018-10-03,5798016,095M01,Swadlincote,0.2,NTU
2017-02-08,5039777,095M04,Swadlincote,0.2,NTU
2019-04-17,6026741,095M02,Swadlincote,0.2,NTU
2019-04-03,6025893,095M04,Swadlincote,0.2,NTU
2018-06-27,5605817,095M04,Swadlincote,0.2,NTU
2018-06-06,5581986,095M02,Swadlincote,0.1,NTU
2017-11-02,5385287,095M01,Swadlincote,0.1,NTU
2018-10-17,5798595,095M05,Swadlincote,0.2,NTU
2017-03-29,5093735,095M03,Swadlincote,0.1,NTU
2019-02-06,5942681,095M02,Swadlincote,0.2,NTU
2019-05-15,6075672,095M05,Swadlincote,0.2,NTU
2019-01-23,5923915,095M04,Swadlincote,0.3,NTU
2018-09-05,5765947,095M04,Swadlincote,4.917096362449229,NTU
2018-07-11,5690618,095M02,Swadlincote,0.2,NTU
2018-01-04,5457155,095M03,Swadlincote,0.1,NTU
2017-12-21,5387336,095M01,Swadlincote,0.1,NTU
2017-01-18,5019397,095M02,Swadlincote,0.2,NTU
2017-05-17,5173193,095M04,Swadlincote,5.588632935192436,NTU
2019-02-20,5943526,095M01,Swadlincote,0.2,NTU
2018-03-21,5484312,095M02,Swadlincote,0.05,NTU
2017-06-08,5198495,095M04,Swadlincote,0.1,NTU
2019-05-29,6076077,095M03,Swadlincote,0.3,NTU
2019-03-27,5988256,095M01,Swadlincote,0.1,NTU
2019-03-20,5988005,095M03,Swadlincote,0.3,NTU
2017-01-03,5018700,095M03,Swadlincote,0.1,NTU
2019-04-22,6027024,095M03,Swadlincote,0.4,NTU
2019-06-05,6092372,095M01,Swadlincote,0.2,NTU
2019-02-13,5943201,095M03,Swadlincote,0.2,NTU
2019-04-10,6026338,095M05,Swadlincote,0.2,NTU
2017-01-11,5019059,095M01,Swadlincote,0.2,NTU
2019-05-22,6075914,095M02,Swadlincote,0.1,NTU
2019-03-06,5987395,095M05,Swadlincote,0.2,NTU
2017-02-22,5040326,095M01,Swadlincote,0.2,NTU
2019-03-14,5987694,095M02,Swadlincote,0.2,NTU
2019-05-08,6075400,095M04,Swadlincote,0.2,NTU
2017-08-10,5281076,095M04,Swadlincote,0.1,NTU
2017-04-10,5132136,095M04,Swadlincote,0.1,NTU
2017-03-08,5092993,095M01,Swadlincote,0.2,NTU
2017-03-22,5093493,095M04,Swadlincote,0.2,NTU
2017-02-15,5040076,095M03,Swadlincote,0.1,NTU
2017-05-10,5172954,095M03,Swadlincote,0.1,NTU
2017-04-27,5132792,095M03,Swadlincote,0.1,NTU
2017-05-03,5172076,095M01,Swadlincote,4.550113659817725,NTU
2017-06-22,5199007,095M04,Swadlincote,0.05,NTU
2017-07-05,5272647,095M02,Swadlincote,0.1,NTU
2017-08-23,5281568,095M04,Swadlincote,0.2,NTU
2017-03-16,5093257,095M02,Swadlincote,0.2,NTU
2017-03-01,5092727,095M03,Swadlincote,0.2,NTU
2017-04-20,5132435,095M02,Swadlincote,0.1,NTU
2017-08-30,5281734,095M02,Swadlincote,0.1,NTU
2017-09-13,5282343,095M03,Swadlincote,0.1,NTU
2019-02-27,5943763,095M04,Swadlincote,0.2,NTU
2017-12-28,5387620,095M04,Swadlincote,5.168684918433428,NTU
2017-04-06,5131105,095M01,Swadlincote,0.3,NTU
2017-08-02,5306611,095M02,Swadlincote,0.05,NTU
2017-09-27,5282885,095M03,Swadlincote,0.1,NTU
2017-06-15,5198748,095M01,Swadlincote,0.1,NTU
2017-01-26,5019662,095M03,Swadlincote,4.505740114953369,NTU
2017-06-01,5173653,095M02,Swadlincote,0.1,NTU
2017-12-13,5387020,095M04,Swadlincote,0.1,NTU
2017-11-22,5386193,095M02,Swadlincote,0.1,NTU
2018-01-18,5457681,095M03,Swadlincote,0.1,NTU
2018-01-24,5457922,095M05,Swadlincote,0.1,NTU
2017-05-24,5173410,095M01,Swadlincote,0.3,NTU
2017-11-15,5385874,095M04,Swadlincote,0.2,NTU
2018-04-03,5606057,095M05,Swadlincote,0.05,NTU
2018-01-31,5459502,095M01,Swadlincote,0.05,NTU
2018-05-02,5580984,095M02,Swadlincote,0.1,NTU
2018-05-09,5581206,095M03,Swadlincote,0.1,NTU
2018-02-28,5566188,095M05,Swadlincote,0.05,NTU
2017-07-13,5283659,095M03,Swadlincote,0.05,NTU
2017-08-16,5281355,095M03,Swadlincote,5.740868965629488,NTU
2017-09-20,5282619,095M02,Swadlincote,0.1,NTU
2018-04-18,5580561,095M04,Swadlincote,0.1,NTU
2018-07-25,5691241,095M01,Swadlincote,0.2,NTU
2017-07-19,5252311,095M01,Swadlincote,0.1,NTU
2017-09-06,5281993,095M01,Swadlincote,0.1,NTU
2017-07-26,5297958,095M03,Swadlincote,0.05,NTU
2017-12-06,5386725,095M03,Swadlincote,5.358701105695218,NTU
2018-02-07,5459791,095M04,Swadlincote,0.05,NTU
2018-04-11,5614505,095M01,Swadlincote,0.1,NTU
2018-02-14,5460036,095M02,Swadlincote,0.05,NTU
2017-10-04,5343613,095M01,Swadlincote,5.016910211648792,NTU
2018-03-07,5569047,095M01,Swadlincote,0.4,NTU
2018-01-10,5457422,095M05,Swadlincote,0.1,NTU
2018-05-23,5581652,095M04,Swadlincote,0.05,NTU
2018-05-30,5581816,095M05,Swadlincote,0.3,NTU
2018-07-18,5690913,095M03,Swadlincote,0.2,NTU
2018-03-28,5605667,095M03,Swadlincote,0.2,NTU
2018-07-04,5690316,095M05,Swadlincote,0.1,NTU
2017-11-30,5386422,095M01,Swadlincote,0.1,NTU
2018-02-21,5460299,095M03,Swadlincote,0.2,NTU
2018-04-26,5580798,095M05,Swadlincote,0.05,NTU
2018-11-14,5847702,095M04,Swadlincote,0.1,NTU
2018-08-29,5737429,095M01,Swadlincote,0.2,NTU
2018-08-22,5735236,095M03,Swadlincote,0.1,NTU
2018-09-26,5766749,095M03,Swadlincote,0.2,NTU
2018-11-21,5847989,095M05,Swadlincote,0.2,NTU
2017-11-08,5385565,095M02,Swadlincote,0.1,NTU
2018-08-08,5734759,095M05,Swadlincote,4.397240114398301,NTU
2018-03-15,5577977,095M04,Swadlincote,0.05,NTU
2018-09-20,5766524,095M02,Swadlincote,0.3,NTU
2018-11-07,5847297,095M01,Swadlincote,4.618891833815724,NTU
2017-10-18,5344288,095M03,Swadlincote,0.1,NTU
2017-10-25,5344542,095M04,Swadlincote,0.1,NTU
2018-06-20,5594869,095M01,Swadlincote,0.2,NTU
2018-12-05,5889208,095M03,Swadlincote,0.1,NTU
2018-06-14,5582231,095M03,Swadlincote,0.2,NTU
2018-05-17,5661649,095M01,Swadlincote,0.05,NTU
2018-10-24,5798928,095M02,Swadlincote,0.2,NTU
2019-01-09,5923404,095M03,Swadlincote,0.1,NTU
2017-10-11,5343979,095M04,Swadlincote,0.1,NTU
2018-11-01,5799172,095M03,Swadlincote,0.2,NTU
2018-08-01,5734532,095M04,Swadlincote,0.2,NTU
2018-11-28,5848223,095M02,Swadlincote,0.2,NTU
2018-09-12,5766242,095M05,Swadlincote,0.3,NTU
2018-12-19,5889905,095M04,Swadlincote,0.1,NTU
2019-01-03,5923107,095M02,Swadlincote,0.2,NTU
2018-10-10,5798311,095M04,Swadlincote,0.2,NTU
2019-01-16,5923682,095L02,Merton,0.1,NTU
2018-10-03,5798035,095L04,Merton,0.2,NTU
2018-03-21,5587104,095L02,Merton,0.05,NTU
2017-06-29,5265941,095L02,Merton,0.05,NTU
2018-08-15,5735054,095L01,Merton,0.3,NTU
2018-12-12,5889579,095L03,Merton,0.1,NTU
2017-06-08,5198513,095L05,Merton,0.2,NTU
2017-02-08,5039799,095L03,Merton,0.2,NTU
2019-04-22,6027042,095L05,Merton,0.1,NTU
2019-04-03,6025927,095L02,Merton,0.7,NTU
2018-06-27,5605839,095L03,Merton,0.05,NTU
2018-06-06,5581994,095L03,Merton,0.2,NTU
2018-10-17,5798623,095L03,Merton,0.2,NTU
2019-05-15,6075695,095L04,Merton,0.05,NTU
2017-03-29,5093745,095L02,Merton,0.2,NTU
2019-05-01,6075261,095L03,Merton,0.1,NTU
2019-02-06,5942706,095L05,Merton,0.2,NTU
2017-02-01,5039200,095L01,Merton,0.2,NTU
2017-01-05,5018712,095L03,Merton,0.1,NTU
2019-01-23,5923934,095L04,Merton,0.1,NTU
2018-07-11,5690642,095L01,Merton,0.1,NTU
2017-05-17,5173210,095L03,Merton,0.1,NTU
2017-02-15,5040087,095L04,Merton,0.1,NTU
2019-05-29,6076086,095L03,Merton,0.1,NTU
2019-02-21,5943551,095L04,Merton,0.2,NTU
2019-01-31,5924150,095L03,Merton,0.2,NTU
2019-04-10,6026378,095L03,Merton,0.1,NTU
2018-12-23,5890165,095L02,Merton,0.2,NTU
2017-01-18,5019414,095L02,Merton,0.2,NTU
2019-03-20,5988032,095L04,Merton,5.362324757501483,NTU
2017-11-08,5385575,095L04,Merton,0.1,NTU
2017-12-20,5387355,095L04,Merton,0.1,NTU
2017-11-02,5385299,095L05,Merton,0.1,NTU
2019-06-05,6092380,095L04,Merton,0.05,NTU
2019-03-06,5987405,095L05,Merton,0.2,NTU
2017-01-11,5019079,095L04,Merton,0.2,NTU
2019-05-22,6075933,095L02,Merton,0.05,NTU
2017-08-02,5280864,095L02,Merton,0.05,NTU
2019-03-14,5987715,095L02,Merton,0.1,NTU
2017-12-27,5387648,095L03,Merton,0.2,NTU
2017-06-21,5199042,095L03,Merton,0.05,NTU
2019-02-13,5943215,095L02,Merton,0.1,NTU
2019-04-17,6026770,095L04,Merton,0.2,NTU
2019-06-10,6092644,095L03,Merton,0.05,NTU
2019-03-27,5988276,095L03,Merton,0.2,NTU
2017-04-05,5131150,095L05,Merton,0.2,NTU
2017-06-15,5198768,095L04,Merton,0.05,NTU
2017-03-22,5093513,095L03,Merton,0.1,NTU
2019-05-08,6075415,095L02,Merton,0.1,NTU
2017-05-10,5172975,095L04,Merton,0.1,NTU
2017-09-13,5282366,095L02,Merton,0.1,NTU
2017-08-16,5281388,095L05,Merton,0.1,NTU
2017-08-23,5281587,095L04,Merton,0.2,NTU
2017-03-16,5093273,095L01,Merton,0.1,NTU
2017-02-22,5040338,095L02,Merton,0.1,NTU
2017-03-02,5092748,095L05,Merton,0.1,NTU
2017-03-08,5093005,095L04,Merton,0.1,NTU
2017-04-27,5132802,095L01,Merton,0.05,NTU
2017-04-20,5132454,095L04,Merton,0.1,NTU
2017-08-30,5281757,095L01,Merton,0.2,NTU
2017-08-09,5281095,095L01,Merton,0.1,NTU
2019-02-27,5943785,095L02,Merton,0.1,NTU
2017-04-12,5132160,095L02,Merton,0.1,NTU
2017-05-03,5172098,095L05,Merton,0.1,NTU
2017-07-26,5297979,095L03,Merton,0.05,NTU
2017-09-06,5282036,095L03,Merton,0.05,NTU
2017-01-26,5019675,095L05,Merton,0.1,NTU
2017-07-05,5251785,095L01,Merton,0.1,NTU
2017-09-27,5282905,095L05,Merton,0.1,NTU
2017-05-31,5173663,095L01,Merton,0.1,NTU
2017-12-13,5387043,095L05,Merton,0.1,NTU
2017-07-13,5284823,095L05,Merton,0.05,NTU
2017-11-22,5386211,095L02,Merton,4.174322349019349,NTU
2018-01-17,5457691,095L05,Merton,0.1,NTU
2017-11-29,5386455,095L04,Merton,5.17366529814899,NTU
2018-01-24,5459291,095L04,Merton,4.126504934858531,NTU
2018-04-11,5580313,095L03,Merton,0.05,NTU
2018-06-14,5582252,095L05,Merton,0.7,NTU
2017-11-15,5385908,095L03,Merton,0.2,NTU
2018-03-28,5605675,095L01,Merton,0.05,NTU
2018-04-05,5609390,095L04,Merton,0.05,NTU
2018-01-31,5459531,095L03,Merton,0.05,NTU
2018-05-30,5581835,095L02,Merton,0.05,NTU
2018-02-28,5566191,095L04,Merton,0.05,NTU
2018-03-15,5472480,095L05,Merton,0.1,NTU
2017-05-24,5173429,095L02,Merton,5.287670182995498,NTU
2017-09-20,5282644,095L01,Merton,0.1,NTU
2018-01-04,5457175,095L02,Merton,0.1,NTU
2018-07-25,5691254,095L04,Merton,0.1,NTU
2017-07-19,5290447,095L04,Merton,0.05,NTU
2017-12-06,5386745,095L01,Merton,0.1,NTU
2017-10-04,5343625,095L04,Merton,0.1,NTU
2018-02-07,5459804,095L02,Merton,0.05,NTU
2018-05-02,5581004,095L05,Merton,0.1,NTU
2018-02-14,5460055,095L01,Merton,0.1,NTU
2018-02-21,5555598,095L05,Merton,0.1,NTU
2018-03-07,5571142,095L03,Merton,0.05,NTU
2018-05-23,5581668,095L05,Merton,0.2,NTU
2018-07-18,5690961,095L05,Merton,0.2,NTU
2018-07-05,5690341,095L02,Merton,0.1,NTU
2018-11-14,5847719,095L04,Merton,0.2,NTU
2018-05-09,5581217,095L04,Merton,0.2,NTU
2018-01-10,5457443,095L01,Merton,0.1,NTU
2018-04-18,5580580,095L05,Merton,4.251179342158139,NTU
2018-04-26,5580818,095L02,Merton,0.1,NTU
2018-08-01,5734546,095L03,Merton,0.1,NTU
2018-11-01,5799194,095L05,Merton,0.2,NTU
2018-10-10,5798323,095L02,Merton,0.2,NTU
2017-10-11,5343995,095L03,Merton,0.05,NTU
2018-08-08,5734775,095L02,Merton,0.2,NTU
2018-08-23,5735252,095L05,Merton,0.2,NTU
2019-01-09,5923424,095L05,Merton,0.2,NTU
2017-10-25,5344562,095L01,Merton,0.1,NTU
2018-06-20,5594878,095L04,Merton,0.1,NTU
2018-09-13,5766263,095L03,Merton,0.2,NTU
2018-12-05,5889230,095L04,Merton,0.2,NTU
2018-05-16,5661608,095L03,Merton,0.05,NTU
2018-09-05,5765958,095L02,Merton,0.1,NTU
2018-09-19,5766544,095L01,Merton,0.3,NTU
2018-10-24,5798937,095L04,Merton,0.2,NTU
2018-08-29,5737433,095L04,Merton,0.1,NTU
2018-11-07,5847308,095L02,Merton,0.1,NTU
2017-10-18,5344319,095L02,Merton,0.05,NTU
2018-11-28,5848244,095L03,Merton,0.1,NTU
2018-09-26,5766759,095L05,Merton,1.1,NTU
2018-12-19,5889926,095L05,Merton,0.2,NTU
2019-01-03,5923145,095L03,Merton,0.1,NTU
2018-11-21,5848008,095L05,Merton,0.1,NTU
2019-01-16,5923667,095N03,Snake's Canyon,0.2,NTU
2018-10-03,5798017,095N03,Snake's Canyon,0.2,NTU
2017-06-28,5264603,095N04,Snake's Canyon,0.05,NTU
2019-01-23,5923916,095N01,Snake's Canyon,0.3,NTU
2018-08-15,5735036,095N01,Snake's Canyon,0.1,NTU
2018-12-12,5889559,095N03,Snake's Canyon,0.1,NTU
2018-10-17,5798602,095N05,Snake's Canyon,0.2,NTU
2018-03-21,5484313,095N03,Snake's Canyon,0.05,NTU
2017-03-29,5093736,095N02,Snake's Canyon,0.1,NTU
2019-05-15,6075673,095N04,Snake's Canyon,0.05,NTU
2018-06-06,5581987,095N02,Snake's Canyon,4.51093504531309,NTU
2017-11-08,5385566,095N01,Snake's Canyon,0.2,NTU
2017-11-02,5385288,095N04,Snake's Canyon,0.1,NTU
2019-02-06,5942682,095N05,Snake's Canyon,0.2,NTU
2018-09-05,5765948,095N04,Snake's Canyon,0.2,NTU
2018-07-18,5690914,095N02,Snake's Canyon,0.1,NTU
2017-02-01,5039164,095N01,Snake's Canyon,0.2,NTU
2017-06-08,5198496,095N04,Snake's Canyon,0.1,NTU
2019-01-31,5924139,095N04,Snake's Canyon,0.1,NTU
2019-04-03,6025901,095N01,Snake's Canyon,0.1,NTU
2019-04-10,6026339,095N04,Snake's Canyon,0.1,NTU
2018-07-11,5690619,095N01,Snake's Canyon,0.1,NTU
2018-11-21,5847990,095N05,Snake's Canyon,0.05,NTU
2017-01-18,5019398,095N04,Snake's Canyon,0.2,NTU
2019-05-29,6076078,095N05,Snake's Canyon,0.1,NTU
2019-02-13,5943202,095N02,Snake's Canyon,0.3,NTU
2019-06-05,6092373,095N02,Snake's Canyon,4.655686318874359,NTU
2017-12-21,5387337,095N04,Snake's Canyon,0.2,NTU
2019-05-01,6075239,095N02,Snake's Canyon,0.05,NTU
2019-03-20,5988006,095N02,Snake's Canyon,0.8,NTU
2019-04-22,6027025,095N05,Snake's Canyon,0.2,NTU
2017-02-08,5039778,095N02,Snake's Canyon,0.2,NTU
2017-01-11,5019068,095N01,Snake's Canyon,0.1,NTU
2019-05-22,6075923,095N01,Snake's Canyon,0.1,NTU
2019-02-27,5943764,095N01,Snake's Canyon,0.2,NTU
2017-08-02,5306616,095N01,Snake's Canyon,0.05,NTU
2017-08-10,5281077,095N03,Snake's Canyon,0.1,NTU
2017-12-28,5387621,095N03,Snake's Canyon,0.1,NTU
2019-04-17,6026742,095N01,Snake's Canyon,0.2,NTU
2019-03-27,5988257,095N03,Snake's Canyon,0.1,NTU
2019-05-08,6075401,095N03,Snake's Canyon,0.1,NTU
2017-01-26,5019663,095N03,Snake's Canyon,0.1,NTU
2017-03-08,5092994,095N03,Snake's Canyon,0.1,NTU
2017-06-15,5198749,095N01,Snake's Canyon,0.1,NTU
2017-03-22,5093494,095N04,Snake's Canyon,0.2,NTU
2017-02-15,5040077,095N04,Snake's Canyon,0.1,NTU
2017-07-05,5272653,095N01,Snake's Canyon,0.1,NTU
2017-08-16,5281356,095N02,Snake's Canyon,0.2,NTU
2019-02-20,5943528,095N03,Snake's Canyon,0.2,NTU
2019-03-06,5987396,095N04,Snake's Canyon,0.1,NTU
2017-08-23,5281569,095N03,Snake's Canyon,0.1,NTU
2017-04-06,5131128,095N03,Snake's Canyon,5.2962500443682075,NTU
2017-02-22,5040327,095N02,Snake's Canyon,0.2,NTU
2017-03-16,5093258,095N02,Snake's Canyon,4.555618231650442,NTU
2017-03-01,5092728,095N01,Snake's Canyon,0.2,NTU
2017-04-20,5132436,095N02,Snake's Canyon,4.028569268062711,NTU
2017-05-17,5173194,095N04,Snake's Canyon,0.2,NTU
2017-09-13,5282344,095N02,Snake's Canyon,0.1,NTU
2019-03-14,5987695,095N05,Snake's Canyon,0.1,NTU
2017-05-10,5172955,095N03,Snake's Canyon,5.014829267282039,NTU
2017-01-03,5018701,095N03,Snake's Canyon,0.1,NTU
2017-04-10,5132138,095N01,Snake's Canyon,0.2,NTU
2017-05-03,5172077,095N01,Snake's Canyon,0.1,NTU
2017-07-26,5297959,095N02,Snake's Canyon,0.05,NTU
2017-04-27,5132793,095N04,Snake's Canyon,0.1,NTU
2017-06-22,5199018,095N03,Snake's Canyon,0.05,NTU
2017-09-06,5281994,095N04,Snake's Canyon,0.1,NTU
2017-09-27,5282886,095N02,Snake's Canyon,0.1,NTU
2017-12-13,5387021,095N03,Snake's Canyon,0.05,NTU
2018-01-04,5457156,095N02,Snake's Canyon,0.1,NTU
2017-11-22,5386194,095N01,Snake's Canyon,0.1,NTU
2018-01-18,5457682,095N03,Snake's Canyon,0.1,NTU
2018-01-24,5459280,095N02,Snake's Canyon,0.1,NTU
2018-05-09,5581207,095N03,Snake's Canyon,0.1,NTU
2018-04-11,5614506,095N02,Snake's Canyon,0.05,NTU
2017-08-30,5281735,095N01,Snake's Canyon,0.1,NTU
2017-06-01,5173655,095N02,Snake's Canyon,0.2,NTU
2017-11-15,5385885,095N03,Snake's Canyon,0.1,NTU
2018-03-28,5605673,095N01,Snake's Canyon,0.05,NTU
2018-01-31,5459503,095N01,Snake's Canyon,0.05,NTU
2017-05-24,5173411,095N03,Snake's Canyon,0.1,NTU
2017-07-13,5283660,095N02,Snake's Canyon,0.05,NTU
2017-07-19,5252312,095N04,Snake's Canyon,0.05,NTU
2017-09-20,5282620,095N01,Snake's Canyon,5.407074589282274,NTU
2018-02-21,5460300,095N02,Snake's Canyon,0.2,NTU
2018-02-07,5459792,095N04,Snake's Canyon,0.1,NTU
2018-04-18,5580562,095N01,Snake's Canyon,0.2,NTU
2018-08-01,5734539,095N04,Snake's Canyon,0.2,NTU
2017-12-06,5386726,095N02,Snake's Canyon,0.05,NTU
2017-10-04,5343614,095N04,Snake's Canyon,0.1,NTU
2018-02-28,5566189,095N03,Snake's Canyon,0.05,NTU
2018-05-30,5581817,095N03,Snake's Canyon,0.1,NTU
2018-01-10,5457423,095N01,Snake's Canyon,5.034074288327247,NTU
2018-06-20,5594870,095N03,Snake's Canyon,0.3,NTU
2018-06-27,5605818,095N04,Snake's Canyon,0.2,NTU
2018-08-08,5734760,095N05,Snake's Canyon,0.2,NTU
2018-02-14,5460037,095N03,Snake's Canyon,0.05,NTU
2018-03-07,5569053,095N04,Snake's Canyon,0.05,NTU
2018-07-25,5691242,095N03,Snake's Canyon,0.2,NTU
2018-04-03,5585897,095N04,Snake's Canyon,0.05,NTU
2018-07-04,5690317,095N05,Snake's Canyon,0.2,NTU
2018-11-14,5847703,095N04,Snake's Canyon,0.1,NTU
2017-11-30,5386423,095N04,Snake's Canyon,0.05,NTU
2018-05-02,5580985,095N04,Snake's Canyon,0.1,NTU
2018-04-26,5580799,095N02,Snake's Canyon,0.1,NTU
2018-08-22,5735237,095N02,Snake's Canyon,0.2,NTU
2018-11-01,5799173,095N02,Snake's Canyon,0.3,NTU
2018-12-23,5890157,095N05,Snake's Canyon,0.1,NTU
2018-09-20,5766525,095N01,Snake's Canyon,5.569012739695609,NTU
2017-10-18,5344289,095N02,Snake's Canyon,0.1,NTU
2017-10-25,5344543,095N03,Snake's Canyon,0.1,NTU
2018-03-15,5577978,095N01,Snake's Canyon,0.05,NTU
2018-09-26,5766750,095N02,Snake's Canyon,0.2,NTU
2018-08-29,5737430,095N03,Snake's Canyon,0.2,NTU
2018-06-14,5582232,095N01,Snake's Canyon,0.1,NTU
2018-05-23,5581653,095N01,Snake's Canyon,0.2,NTU
2018-11-28,5848224,095N01,Snake's Canyon,0.1,NTU
2018-10-24,5798929,095N01,Snake's Canyon,0.2,NTU
2019-01-09,5923415,095N02,Snake's Canyon,0.2,NTU
2018-12-05,5889209,095N02,Snake's Canyon,0.1,NTU
2017-10-11,5343980,095N03,Snake's Canyon,0.1,NTU
2018-05-17,5661650,095N04,Snake's Canyon,0.05,NTU
2018-09-12,5766243,095N05,Snake's Canyon,0.2,NTU
2019-01-03,5923108,095N01,Snake's Canyon,0.1,NTU
2018-12-19,5889906,095N04,Snake's Canyon,0.1,NTU
2018-10-10,5798312,095N04,Snake's Canyon,0.2,NTU
2018-11-07,5847298,095N03,Snake's Canyon,0.1,NTU
2018-10-03,5798034,095K02,Bellmoral,0.3,NTU
2018-06-27,5605837,095K06,Bellmoral,0.2,NTU
2018-08-15,5735053,095K08,Bellmoral,0.2,NTU
2018-10-17,5798622,095K08,Bellmoral,0.2,NTU
2017-01-18,5019413,095K03,Bellmoral,0.3,NTU
2017-02-01,5039197,095K06,Bellmoral,0.3,NTU
2019-01-31,5924149,095K05,Bellmoral,4.043690422549844,NTU
2019-04-10,6026377,095K02,Bellmoral,0.2,NTU
2017-11-08,5385574,095K04,Bellmoral,0.1,NTU
2018-12-23,5890164,095K01,Bellmoral,0.2,NTU
2019-01-16,5923681,095K09,Bellmoral,0.2,NTU
2017-06-29,5265940,095K09,Bellmoral,0.2,NTU
2017-03-29,5093744,095K08,Bellmoral,0.2,NTU
2019-04-22,6027041,095K08,Bellmoral,5.908535957336426,NTU
2019-04-03,6025926,095K05,Bellmoral,0.4,NTU
2019-06-10,6092643,095K02,Bellmoral,0.2,NTU
2018-11-21,5848007,095K04,Bellmoral,0.1,NTU
2018-06-06,5581993,095K03,Bellmoral,0.1,NTU
2017-12-20,5387354,095K06,Bellmoral,0.2,NTU
2017-11-02,5385298,095K09,Bellmoral,0.1,NTU
2018-11-14,5847718,095K09,Bellmoral,5.740237927995622,NTU
2017-06-08,5198512,095K06,Bellmoral,0.1,NTU
2019-02-06,5942692,095K02,Bellmoral,0.2,NTU
2017-01-05,5018711,095K05,Bellmoral,0.2,NTU
2019-01-23,5923933,095K04,Bellmoral,5.251551454886794,NTU
2018-09-05,5765957,095K07,Bellmoral,0.2,NTU
2019-05-01,6075260,095K01,Bellmoral,4.453997824341059,NTU
2017-05-17,5173209,095K02,Bellmoral,0.1,NTU
2019-06-05,6092379,095K05,Bellmoral,0.2,NTU
2019-02-21,5943544,095K08,Bellmoral,0.2,NTU
2018-07-11,5690641,095K09,Bellmoral,0.2,NTU
2018-12-12,5889570,095K03,Bellmoral,0.2,NTU
2018-01-04,5457174,095K09,Bellmoral,0.2,NTU
2019-05-15,6075687,095K07,Bellmoral,4.435881916433573,NTU
2019-05-29,6076085,095K04,Bellmoral,0.2,NTU
2019-04-17,6026769,095K03,Bellmoral,0.2,NTU
2019-03-14,5987714,095K07,Bellmoral,0.2,NTU
2018-03-21,5484330,095K05,Bellmoral,0.05,NTU
2019-03-20,5988029,095K09,Bellmoral,0.3,NTU
2017-02-08,5039798,095K01,Bellmoral,0.2,NTU
2019-05-22,6075932,095K09,Bellmoral,0.1,NTU
2019-02-13,5943214,095K03,Bellmoral,0.1,NTU
2019-02-27,5943772,095K01,Bellmoral,0.2,NTU
2017-03-16,5093272,095K02,Bellmoral,5.695350364316255,NTU
2017-02-22,5040337,095K07,Bellmoral,0.1,NTU
2017-04-20,5132453,095K07,Bellmoral,0.1,NTU
2019-05-08,6075413,095K06,Bellmoral,0.1,NTU
2017-08-02,5280863,095K08,Bellmoral,0.05,NTU
2017-03-08,5093004,095K05,Bellmoral,4.319031483493745,NTU
2017-03-22,5093512,095K03,Bellmoral,0.2,NTU
2017-02-15,5040086,095K09,Bellmoral,0.1,NTU
2019-03-27,5988275,095K04,Bellmoral,5.7579798167571425,NTU
2017-01-11,5019078,095K02,Bellmoral,0.2,NTU
2017-05-10,5172974,095K05,Bellmoral,0.2,NTU
2017-04-05,5131147,095K06,Bellmoral,0.2,NTU
2017-04-27,5132801,095K09,Bellmoral,0.1,NTU
2017-04-12,5132159,095K01,Bellmoral,0.1,NTU
2017-08-16,5281375,095K01,Bellmoral,0.1,NTU
2017-07-19,5252341,095K02,Bellmoral,0.05,NTU
2019-03-06,5987404,095K06,Bellmoral,0.2,NTU
2017-08-23,5281586,095K07,Bellmoral,5.056719711981714,NTU
2017-08-30,5281756,095K09,Bellmoral,0.2,NTU
2017-12-27,5387647,095K07,Bellmoral,0.2,NTU
2017-03-02,5092736,095K04,Bellmoral,5.740005999337882,NTU
2017-09-13,5282365,095K02,Bellmoral,0.1,NTU
2017-01-26,5019674,095K08,Bellmoral,0.2,NTU
2017-09-27,5282904,095K03,Bellmoral,0.1,NTU
2017-07-26,5297972,095K03,Bellmoral,0.05,NTU
2017-06-21,5199024,095K07,Bellmoral,0.05,NTU
2017-06-15,5198767,095K01,Bellmoral,0.05,NTU
2017-08-09,5281094,095K06,Bellmoral,0.1,NTU
2017-05-03,5172097,095K04,Bellmoral,0.1,NTU
2017-05-24,5173428,095K03,Bellmoral,0.1,NTU
2017-12-13,5387042,095K01,Bellmoral,0.2,NTU
2017-11-15,5385907,095K02,Bellmoral,0.2,NTU
2018-01-17,5457690,095K02,Bellmoral,0.3,NTU
2017-11-22,5386210,095K05,Bellmoral,0.1,NTU
2018-01-24,5459290,095K05,Bellmoral,0.1,NTU
2018-02-28,5566190,095K07,Bellmoral,0.1,NTU
2018-04-26,5580817,095K06,Bellmoral,5.627161086536944,NTU
2017-07-05,5251784,095K04,Bellmoral,0.1,NTU
2018-03-28,5605674,095K02,Bellmoral,0.05,NTU
2018-04-05,5580029,095K03,Bellmoral,0.05,NTU
2018-01-31,5459530,095K03,Bellmoral,0.1,NTU
2018-05-02,5581003,095K07,Bellmoral,0.1,NTU
2017-07-13,5252082,095K05,Bellmoral,0.05,NTU
2017-09-20,5282643,095K05,Bellmoral,0.1,NTU
2018-02-21,5460319,095K06,Bellmoral,0.1,NTU
2018-04-18,5580579,095K01,Bellmoral,0.05,NTU
2018-07-25,5691253,095K05,Bellmoral,0.2,NTU
2017-09-06,5282035,095K04,Bellmoral,0.1,NTU
2017-05-31,5173662,095K08,Bellmoral,0.1,NTU
2017-12-06,5386744,095K08,Bellmoral,0.2,NTU
2017-10-04,5343624,095K08,Bellmoral,0.1,NTU
2018-02-14,5460054,095K01,Bellmoral,0.1,NTU
2018-04-11,5614516,095K08,Bellmoral,0.05,NTU
2018-06-20,5594877,095K01,Bellmoral,4.482260829769075,NTU
2018-08-08,5734773,095K03,Bellmoral,0.2,NTU
2018-03-07,5462796,095K09,Bellmoral,0.1,NTU
2018-01-10,5457442,095K04,Bellmoral,0.1,NTU
2018-02-07,5459803,095K08,Bellmoral,0.1,NTU
2018-05-23,5581667,095K05,Bellmoral,0.05,NTU
2018-05-30,5581834,095K02,Bellmoral,0.1,NTU
2018-07-18,5690960,095K04,Bellmoral,0.2,NTU
2018-07-05,5690340,095K07,Bellmoral,0.2,NTU
2017-11-29,5386454,095K03,Bellmoral,0.2,NTU
2018-05-09,5581216,095K09,Bellmoral,0.2,NTU
2018-05-16,5581482,095K04,Bellmoral,0.05,NTU
2018-08-01,5734545,095K02,Bellmoral,0.2,NTU
2018-08-23,5735251,095K01,Bellmoral,0.2,NTU
2018-11-01,5799193,095K06,Bellmoral,0.2,NTU
2017-10-18,5344318,095K01,Bellmoral,0.1,NTU
2019-01-09,5923423,095K07,Bellmoral,0.2,NTU
2017-10-25,5344561,095K07,Bellmoral,0.1,NTU
2018-09-26,5766758,095K05,Bellmoral,0.2,NTU
2018-11-28,5848234,095K05,Bellmoral,0.1,NTU
2018-12-05,5889225,095K02,Bellmoral,0.2,NTU
2018-06-14,5582244,095K08,Bellmoral,0.2,NTU
2018-03-15,5577979,095K04,Bellmoral,0.05,NTU
2018-09-19,5766543,095K04,Bellmoral,0.2,NTU
2018-08-29,5737432,095K06,Bellmoral,0.2,NTU
2017-10-11,5343994,095K06,Bellmoral,0.2,NTU
2018-09-13,5766254,095K09,Bellmoral,4.372490580193698,NTU
2018-12-19,5889925,095K08,Bellmoral,0.2,NTU
2019-01-03,5923144,095K06,Bellmoral,0.2,NTU
2018-10-10,5798322,095K03,Bellmoral,4.709660116117448,NTU
2018-11-07,5847307,095K07,Bellmoral,0.1,NTU
2018-10-24,5798936,095K01,Bellmoral,0.3,NTU
2018-10-02,5797984,095B08,Paethsmouth,0.3,NTU
2018-06-26,5605795,095B06,Paethsmouth,0.1,NTU
2018-06-13,5582198,095B04,Paethsmouth,0.2,NTU
2018-03-20,5480817,095B05,Paethsmouth,0.05,NTU
2017-06-27,5264390,095B02,Paethsmouth,0.05,NTU
2019-01-22,5923880,095B03,Paethsmouth,0.2,NTU
2018-12-26,5890126,095B09,Paethsmouth,0.2,NTU
2019-01-15,5923636,095B02,Paethsmouth,4.368255116976798,NTU
2019-03-19,5987959,095B02,Paethsmouth,0.2,NTU
2019-01-30,5924110,095B05,Paethsmouth,0.1,NTU
2019-04-16,6026674,095B01,Paethsmouth,0.1,NTU
2019-04-02,6025828,095B05,Paethsmouth,0.1,NTU
2018-11-13,5847628,095B02,Paethsmouth,0.2,NTU
2018-06-07,5581959,095B01,Paethsmouth,0.5,NTU
2018-10-16,5798564,095B04,Paethsmouth,0.2,NTU
2017-11-01,5385255,095B02,Paethsmouth,0.1,NTU
2019-04-30,6075210,095B09,Paethsmouth,0.1,NTU
2017-02-14,5040038,095B04,Paethsmouth,0.2,NTU
2018-03-27,5491378,095B08,Paethsmouth,0.05,NTU
2017-06-07,5198469,095B09,Paethsmouth,0.1,NTU
2019-04-09,6026272,095B08,Paethsmouth,0.2,NTU
2017-08-29,5281715,095B02,Paethsmouth,0.1,NTU
2017-12-26,5387582,095B06,Paethsmouth,0.2,NTU
2018-01-16,5457652,095B05,Paethsmouth,0.1,NTU
2017-01-17,5019356,095B05,Paethsmouth,0.2,NTU
2019-05-14,6075628,095B07,Paethsmouth,0.2,NTU
2017-11-07,5385533,095B03,Paethsmouth,0.2,NTU
2018-08-14,5735000,095B04,Paethsmouth,0.1,NTU
2017-01-10,5019031,095B01,Paethsmouth,0.2,NTU
2017-01-04,5018671,095B06,Paethsmouth,5.698653731495142,NTU
2019-03-05,5987361,095B06,Paethsmouth,0.2,NTU
2019-05-28,6076053,095B03,Paethsmouth,5.401117374654859,NTU
2019-06-04,6092347,095B05,Paethsmouth,0.1,NTU
2017-02-07,5039732,095B03,Paethsmouth,0.2,NTU
2019-02-19,5943475,095B04,Paethsmouth,0.2,NTU
2019-04-25,6027095,095B04,Paethsmouth,0.1,NTU
2019-02-05,5942655,095B08,Paethsmouth,0.2,NTU
2017-08-01,5280816,095B04,Paethsmouth,0.05,NTU
2017-03-28,5093705,095B09,Paethsmouth,0.2,NTU
2017-05-16,5173165,095B05,Paethsmouth,0.1,NTU
2019-03-13,5987652,095B07,Paethsmouth,0.1,NTU
2017-08-08,5281049,095B09,Paethsmouth,0.05,NTU
2017-07-12,5280146,095B05,Paethsmouth,0.05,NTU
2017-03-07,5092956,095B06,Paethsmouth,5.82460259553045,NTU
2017-04-04,5131072,095B02,Paethsmouth,0.2,NTU
2017-03-21,5093464,095B05,Paethsmouth,0.2,NTU
2019-03-26,5988229,095B03,Paethsmouth,0.2,NTU
2019-05-07,6075375,095B06,Paethsmouth,0.1,NTU
2019-02-12,5943160,095B01,Paethsmouth,0.1,NTU
2017-05-09,5172919,095B06,Paethsmouth,0.2,NTU
2019-02-26,5943736,095B09,Paethsmouth,0.1,NTU
2017-02-28,5092696,095B07,Paethsmouth,0.2,NTU
2017-07-04,5251757,095B03,Paethsmouth,0.05,NTU
2017-08-15,5281321,095B07,Paethsmouth,0.2,NTU
2019-05-21,6075892,095B02,Paethsmouth,0.2,NTU
2017-08-22,5281545,095B06,Paethsmouth,0.1,NTU
2017-03-15,5093231,095B01,Paethsmouth,0.2,NTU
2017-01-31,5039145,095B02,Paethsmouth,0.2,NTU
2017-04-19,5132392,095B08,Paethsmouth,0.1,NTU
2017-04-11,5132081,095B03,Paethsmouth,0.2,NTU
2017-04-26,5132722,095B04,Paethsmouth,0.1,NTU
2017-05-02,5172053,095B07,Paethsmouth,0.2,NTU
2017-09-12,5282309,095B05,Paethsmouth,0.05,NTU
2017-02-21,5040296,095B08,Paethsmouth,0.2,NTU
2017-09-26,5282856,095B01,Paethsmouth,4.339093926828355,NTU
2017-07-25,5295596,095B01,Paethsmouth,0.05,NTU
2017-01-24,5019632,095B09,Paethsmouth,0.1,NTU
2017-06-14,5198719,095B07,Paethsmouth,0.2,NTU
2017-06-20,5198982,095B06,Paethsmouth,0.05,NTU
2018-02-13,5460011,095B09,Paethsmouth,0.3,NTU
2017-05-30,5174359,095B04,Paethsmouth,0.1,NTU
2017-12-12,5386989,095B09,Paethsmouth,5.1875180271454155,NTU
2017-12-19,5387305,095B07,Paethsmouth,0.1,NTU
2017-07-18,5252289,095B08,Paethsmouth,4.962697389069945,NTU
2017-11-21,5386164,095B08,Paethsmouth,0.1,NTU
2018-01-23,5457896,095B08,Paethsmouth,0.05,NTU
2017-12-05,5386702,095B04,Paethsmouth,5.691431103274226,NTU
2018-03-08,5460725,095B02,Paethsmouth,0.05,NTU
2018-04-10,5610393,095B04,Paethsmouth,0.05,NTU
2017-05-23,5173381,095B01,Paethsmouth,0.1,NTU
2017-10-10,5343944,095B09,Paethsmouth,0.1,NTU
2018-04-04,5579971,095B01,Paethsmouth,0.05,NTU
2018-01-30,5459484,095B01,Paethsmouth,0.1,NTU
2018-02-27,5559955,095B07,Paethsmouth,0.05,NTU
2017-09-19,5282590,095B08,Paethsmouth,0.1,NTU
2017-09-05,5281963,095B03,Paethsmouth,0.05,NTU
2017-10-03,5343581,095B04,Paethsmouth,0.2,NTU
2018-02-20,5460276,095B06,Paethsmouth,0.05,NTU
2018-01-03,5457138,095B02,Paethsmouth,0.2,NTU
2018-02-06,5459747,095B04,Paethsmouth,0.05,NTU
2018-04-17,5580531,095B09,Paethsmouth,0.05,NTU
2018-05-15,5581426,095B03,Paethsmouth,0.1,NTU
2018-07-24,5691154,095B05,Paethsmouth,4.247088911011815,NTU
2018-01-09,5457393,095B03,Paethsmouth,0.05,NTU
2018-07-10,5690576,095B02,Paethsmouth,0.3,NTU
2018-03-14,5577887,095B03,Paethsmouth,0.05,NTU
2018-05-22,5581629,095B05,Paethsmouth,0.2,NTU
2018-05-29,5581797,095B08,Paethsmouth,0.05,NTU
2018-07-17,5690862,095B03,Paethsmouth,0.2,NTU
2018-11-27,5848194,095B05,Paethsmouth,4.485101871658117,NTU
2017-11-27,5386385,095B01,Paethsmouth,0.1,NTU
2018-05-01,5580965,095B05,Paethsmouth,0.1,NTU
2018-05-08,5581177,095B02,Paethsmouth,0.05,NTU
2018-04-25,5580771,095B06,Paethsmouth,0.1,NTU
2018-08-22,5735209,095B09,Paethsmouth,0.2,NTU
2018-09-25,5766722,095B05,Paethsmouth,0.2,NTU
2018-10-31,5799131,095B06,Paethsmouth,0.3,NTU
2019-01-02,5923086,095B06,Paethsmouth,0.1,NTU
2018-08-07,5734723,095B01,Paethsmouth,0.2,NTU
2018-09-18,5766492,095B03,Paethsmouth,5.505415728781372,NTU
2017-10-17,5344239,095B07,Paethsmouth,0.3,NTU
2017-10-24,5344526,095B06,Paethsmouth,0.1,NTU
2018-06-19,5589255,095B09,Paethsmouth,0.2,NTU
2018-09-11,5766207,095B02,Paethsmouth,0.2,NTU
2018-08-28,5735342,095B06,Paethsmouth,0.2,NTU
2018-12-04,5889178,095B08,Paethsmouth,0.2,NTU
2018-12-11,5889509,095B01,Paethsmouth,0.2,NTU
2017-11-14,5385846,095B05,Paethsmouth,0.1,NTU
2018-09-04,5765916,095B07,Paethsmouth,0.2,NTU
2019-01-08,5923375,095B07,Paethsmouth,0.1,NTU
2018-11-20,5847956,095B03,Paethsmouth,0.1,NTU
2018-07-31,5734518,095B08,Paethsmouth,0.2,NTU
2018-07-03,5690256,095B07,Paethsmouth,0.2,NTU
2018-12-18,5889874,095B04,Paethsmouth,0.1,NTU
2018-10-09,5798278,095B01,Paethsmouth,4.324744901619852,NTU
2018-11-06,5847268,095B07,Paethsmouth,0.1,NTU
2018-10-23,5798896,095B09,Paethsmouth,0.1,NTU
2018-10-03,5798033,095C03,Pontybridge,0.2,NTU
2018-11-21,5848006,095C08,Pontybridge,0.2,NTU
2018-03-21,5587103,095C02,Pontybridge,0.05,NTU
2019-01-31,5924148,095C02,Pontybridge,0.2,NTU
2018-08-15,5735051,095C06,Pontybridge,0.2,NTU
2018-12-12,5889569,095C01,Pontybridge,5.169298177585006,NTU
2017-06-29,5199210,095C09,Pontybridge,0.3,NTU
2017-02-08,5039797,095C05,Pontybridge,0.4,NTU
2019-04-03,6025925,095C02,Pontybridge,0.3,NTU
2018-06-06,5581992,095C01,Pontybridge,0.3,NTU
2017-11-08,5385573,095C08,Pontybridge,0.2,NTU
2018-10-17,5798613,095C06,Pontybridge,0.2,NTU
2019-02-06,5942691,095C03,Pontybridge,0.2,NTU
2017-01-05,5018710,095C02,Pontybridge,0.2,NTU
2019-02-21,5943543,095C06,Pontybridge,4.508482682984322,NTU
2019-05-15,6075686,095C07,Pontybridge,0.1,NTU
2019-01-23,5923932,095C08,Pontybridge,0.2,NTU
2018-07-11,5690640,095C09,Pontybridge,0.2,NTU
2018-01-04,5457173,095C09,Pontybridge,0.2,NTU
2018-11-14,5847717,095C09,Pontybridge,0.2,NTU
2017-05-17,5173208,095C03,Pontybridge,4.662651464343071,NTU
2019-01-16,5923675,095C09,Pontybridge,0.2,NTU
2017-03-29,5093743,095C06,Pontybridge,0.2,NTU
2017-01-18,5019412,095C03,Pontybridge,0.2,NTU
2017-06-08,5198516,095C04,Pontybridge,0.2,NTU
2019-05-29,6076084,095C02,Pontybridge,0.1,NTU
2019-03-14,5987713,095C07,Pontybridge,4.2800630405545235,NTU
2019-03-27,5988274,095C08,Pontybridge,0.2,NTU
2019-06-05,6092378,095C03,Pontybridge,0.2,NTU
2017-12-20,5387353,095C05,Pontybridge,0.1,NTU
2019-05-01,6075264,095C04,Pontybridge,0.1,NTU
2017-11-02,5385297,095C09,Pontybridge,0.1,NTU
2019-03-20,5988028,095C06,Pontybridge,0.2,NTU
2019-04-22,6027040,095C06,Pontybridge,0.2,NTU
2019-03-06,5987403,095C05,Pontybridge,0.2,NTU
2019-02-13,5943213,095C01,Pontybridge,0.3,NTU
2017-01-11,5019077,095C01,Pontybridge,0.2,NTU
2019-04-10,6026376,095C03,Pontybridge,0.1,NTU
2019-05-22,6075931,095C08,Pontybridge,0.2,NTU
2017-08-02,5306628,095C06,Pontybridge,0.05,NTU
2017-08-09,5281098,095C04,Pontybridge,0.05,NTU
2017-03-16,5093271,095C01,Pontybridge,0.3,NTU
2017-02-22,5040336,095C09,Pontybridge,0.2,NTU
2017-04-20,5132452,095C07,Pontybridge,0.1,NTU
2017-06-21,5263158,095C07,Pontybridge,0.05,NTU
2017-08-30,5281755,095C09,Pontybridge,0.1,NTU
2017-12-27,5387636,095C07,Pontybridge,0.2,NTU
2017-04-05,5131158,095C04,Pontybridge,0.2,NTU
2017-03-08,5093003,095C02,Pontybridge,0.2,NTU
2019-05-08,6075406,095C05,Pontybridge,0.2,NTU
2019-04-17,6026768,095C01,Pontybridge,0.2,NTU
2017-02-15,5040085,095C07,Pontybridge,0.2,NTU
2017-05-10,5172973,095C02,Pontybridge,0.1,NTU
2017-08-23,5281585,095C07,Pontybridge,0.2,NTU
2017-03-02,5092735,095C08,Pontybridge,0.2,NTU
2017-02-01,5039209,095C04,Pontybridge,4.355267483741045,NTU
2017-05-03,5172096,095C08,Pontybridge,0.3,NTU
2017-08-16,5281374,095C05,Pontybridge,4.0530393132939935,NTU
2019-02-27,5943788,095C04,Pontybridge,0.3,NTU
2017-03-22,5093511,095C03,Pontybridge,0.2,NTU
2017-09-27,5282903,095C01,Pontybridge,0.1,NTU
2017-07-26,5252502,095C01,Pontybridge,0.05,NTU
2017-07-13,5252081,095C02,Pontybridge,0.05,NTU
2017-09-06,5282034,095C08,Pontybridge,0.1,NTU
2018-02-14,5460058,095C04,Pontybridge,4.104446402285248,NTU
2017-04-27,5132800,095C09,Pontybridge,0.1,NTU
2017-01-26,5019673,095C06,Pontybridge,0.2,NTU
2017-04-12,5132158,095C05,Pontybridge,0.1,NTU
2017-06-15,5198766,095C05,Pontybridge,0.2,NTU
2017-12-13,5387046,095C04,Pontybridge,0.2,NTU
2017-11-15,5385897,095C02,Pontybridge,0.1,NTU
2017-11-22,5386202,095C03,Pontybridge,0.1,NTU
2018-01-17,5457689,095C02,Pontybridge,0.3,NTU
2018-01-24,5459289,095C03,Pontybridge,0.05,NTU
2018-03-07,5571133,095C09,Pontybridge,0.05,NTU
2018-02-28,5460534,095C07,Pontybridge,0.1,NTU
2018-04-11,5580311,095C06,Pontybridge,0.2,NTU
2018-05-30,5581833,095C03,Pontybridge,0.3,NTU
2017-07-05,5272607,095C08,Pontybridge,0.3,NTU
2017-05-31,5173661,095C06,Pontybridge,0.1,NTU
2018-03-28,5491411,095C03,Pontybridge,0.05,NTU
2018-04-05,5609389,095C01,Pontybridge,0.05,NTU
2018-01-31,5459529,095C01,Pontybridge,0.1,NTU
2018-05-02,5581002,095C07,Pontybridge,0.1,NTU
2018-03-15,5472479,095C08,Pontybridge,0.2,NTU
2017-05-24,5173427,095C01,Pontybridge,0.1,NTU
2017-09-13,5282364,095C02,Pontybridge,0.1,NTU
2017-09-20,5282642,095C03,Pontybridge,0.1,NTU
2018-02-07,5459802,095C06,Pontybridge,0.05,NTU
2018-05-09,5581215,095C09,Pontybridge,0.2,NTU
2017-07-19,5290446,095C03,Pontybridge,0.05,NTU
2017-12-06,5386743,095C06,Pontybridge,0.1,NTU
2018-04-18,5580591,095C04,Pontybridge,0.05,NTU
2018-06-27,5605835,095C05,Pontybridge,0.1,NTU
2018-08-08,5734772,095C01,Pontybridge,0.2,NTU
2017-10-04,5343623,095C06,Pontybridge,0.1,NTU
2018-05-23,5581666,095C02,Pontybridge,0.05,NTU
2018-07-18,5690959,095C08,Pontybridge,0.3,NTU
2017-11-29,5386433,095C01,Pontybridge,0.1,NTU
2018-02-21,5555618,095C05,Pontybridge,0.1,NTU
2018-01-10,5457441,095C08,Pontybridge,0.1,NTU
2018-04-26,5580816,095C05,Pontybridge,0.2,NTU
2018-09-05,5765956,095C07,Pontybridge,0.2,NTU
2018-07-25,5691252,095C02,Pontybridge,0.2,NTU
2018-08-23,5735255,095C04,Pontybridge,0.2,NTU
2018-09-26,5766757,095C02,Pontybridge,0.2,NTU
2018-11-01,5799180,095C05,Pontybridge,0.2,NTU
2017-10-11,5344000,095C04,Pontybridge,0.1,NTU
2018-09-19,5766542,095C08,Pontybridge,0.2,NTU
2019-01-09,5923422,095C07,Pontybridge,0.2,NTU
2017-10-18,5344304,095C05,Pontybridge,0.1,NTU
2017-10-25,5344560,095C07,Pontybridge,0.3,NTU
2018-12-05,5889224,095C03,Pontybridge,0.2,NTU
2018-08-29,5737431,095C05,Pontybridge,0.2,NTU
2018-06-14,5582243,095C06,Pontybridge,0.1,NTU
2018-07-05,5690339,095C07,Pontybridge,0.2,NTU
2018-10-24,5798940,095C04,Pontybridge,4.982412604615092,NTU
2018-08-01,5734544,095C03,Pontybridge,0.2,NTU
2018-05-16,5661612,095C08,Pontybridge,0.05,NTU
2018-06-20,5594881,095C04,Pontybridge,0.2,NTU
2018-11-28,5848233,095C02,Pontybridge,0.1,NTU
2018-09-13,5766253,095C09,Pontybridge,0.3,NTU
2018-12-19,5889924,095C06,Pontybridge,0.2,NTU
2018-12-23,5890177,095C04,Pontybridge,0.2,NTU
2019-01-03,5923143,095C05,Pontybridge,0.2,NTU
2018-10-10,5798321,095C01,Pontybridge,0.2,NTU
2018-11-07,5847305,095C07,Pontybridge,0.1,NTU
2018-07-01,5690110,095D07,Strathmore,0.2,NTU
2018-03-25,5592030,095D02,Strathmore,0.05,NTU
2019-03-03,5987206,095D10,Strathmore,0.1,NTU
2017-07-02,5251627,095D06,Strathmore,0.05,NTU
2017-02-05,5039302,095D10,Strathmore,0.2,NTU
2019-04-14,6026468,095D02,Strathmore,0.3,NTU
2018-12-30,5890227,095D08,Strathmore,0.2,NTU
2018-12-26,5889987,095D06,Strathmore,0.1,NTU
2017-01-02,5018538,095D02,Strathmore,4.173535053618252,NTU
2019-02-03,5942502,095D03,Strathmore,0.3,NTU
2018-08-19,5735107,095D11,Strathmore,0.2,NTU
2018-06-03,5581868,095D11,Strathmore,0.2,NTU
2017-05-21,5173275,095D02,Strathmore,0.2,NTU
2017-02-12,5039890,095D06,Strathmore,0.2,NTU
2017-01-08,5018819,095D03,Strathmore,0.2,NTU
2019-03-31,6025650,095D09,Strathmore,0.2,NTU
2018-08-12,5734839,095D09,Strathmore,0.2,NTU
2018-07-22,5691009,095D06,Strathmore,0.2,NTU
2018-01-01,5457010,095D11,Strathmore,0.1,NTU
2017-05-15,5173031,095D09,Strathmore,0.2,NTU
2019-02-10,5942778,095D05,Strathmore,0.1,NTU
2019-05-05,6075310,095D07,Strathmore,0.1,NTU
2019-04-07,6026046,095D11,Strathmore,0.1,NTU
2017-12-26,5387428,095D09,Strathmore,0.2,NTU
2017-06-18,5198851,095D04,Strathmore,0.2,NTU
2018-01-14,5457506,095D03,Strathmore,0.1,NTU
2019-05-19,6075770,095D10,Strathmore,0.1,NTU
2019-06-02,6092264,095D08,Strathmore,0.1,NTU
2019-06-10,6092429,095D01,Strathmore,0.1,NTU
2019-04-28,6027166,095D05,Strathmore,4.551042470615357,NTU
2019-03-17,5987799,095D08,Strathmore,0.2,NTU
2019-04-22,6026855,095D03,Strathmore,0.2,NTU
2019-01-28,5923987,095D02,Strathmore,0.1,NTU
2019-05-12,6075463,095D04,Strathmore,0.2,NTU
2019-02-17,5943293,095D07,Strathmore,0.1,NTU
2017-03-05,5092795,095D09,Strathmore,0.2,NTU
2017-04-17,5132234,095D10,Strathmore,0.1,NTU
2017-03-26,5093571,095D05,Strathmore,0.2,NTU
2017-03-19,5093337,095D03,Strathmore,5.080892990343273,NTU
2017-06-25,5263324,095D10,Strathmore,0.1,NTU
2017-04-05,5130759,095D07,Strathmore,0.2,NTU
2017-06-12,5198579,095D07,Strathmore,0.1,NTU
2017-04-30,5171953,095D08,Strathmore,0.1,NTU
2019-03-24,5988084,095D01,Strathmore,0.1,NTU
2017-01-15,5019170,095D05,Strathmore,0.2,NTU
2017-02-26,5040395,095D01,Strathmore,0.2,NTU
2017-02-19,5040151,095D08,Strathmore,0.2,NTU
2017-01-29,5019736,095D04,Strathmore,0.2,NTU
2017-04-23,5132516,095D06,Strathmore,0.1,NTU
2017-05-07,5172159,095D01,Strathmore,0.1,NTU
2019-02-24,5943601,095D04,Strathmore,0.1,NTU
2019-03-11,5987482,095D06,Strathmore,0.2,NTU
2017-04-09,5131880,095D04,Strathmore,0.2,NTU
2017-01-22,5019475,095D07,Strathmore,0.2,NTU
2017-08-20,5281438,095D05,Strathmore,0.1,NTU
2017-08-27,5281633,095D07,Strathmore,0.1,NTU
2017-11-28,5386256,095D10,Strathmore,0.1,NTU
2019-05-26,6075973,095D06,Strathmore,0.2,NTU
2017-03-13,5093067,095D02,Strathmore,0.3,NTU
2017-08-13,5281176,095D03,Strathmore,0.2,NTU
2017-08-06,5280924,095D02,Strathmore,0.1,NTU
2017-06-05,5198286,095D05,Strathmore,0.1,NTU
2017-09-24,5282708,095D08,Strathmore,0.1,NTU
2017-12-17,5387118,095D01,Strathmore,0.1,NTU
2017-05-28,5173465,095D03,Strathmore,0.1,NTU
2018-01-21,5457755,095D05,Strathmore,0.05,NTU
2018-01-28,5459348,095D07,Strathmore,0.1,NTU
2018-03-04,5460601,095D01,Strathmore,0.05,NTU
2018-04-29,5580878,095D10,Strathmore,0.1,NTU
2018-03-12,5574407,095D09,Strathmore,0.05,NTU
2018-04-22,5580643,095D04,Strathmore,0.05,NTU
2018-05-06,5581052,095D06,Strathmore,0.1,NTU
2017-11-05,5385373,095D05,Strathmore,0.2,NTU
2017-11-19,5385972,095D04,Strathmore,0.2,NTU
2017-09-17,5282439,095D06,Strathmore,0.1,NTU
2018-04-08,5609375,095D05,Strathmore,0.05,NTU
2018-05-13,5581280,095D08,Strathmore,0.1,NTU
2018-06-17,5589127,095D03,Strathmore,0.1,NTU
2017-07-16,5252171,095D01,Strathmore,0.2,NTU
2017-07-23,5293372,095D09,Strathmore,0.05,NTU
2017-09-03,5281818,095D04,Strathmore,0.1,NTU
2018-02-18,5460118,095D06,Strathmore,0.05,NTU
2017-09-10,5282127,095D10,Strathmore,0.05,NTU
2018-07-08,5690436,095D04,Strathmore,4.1651687528938055,NTU
2018-07-29,5734453,095D08,Strathmore,0.2,NTU
2017-07-09,5251865,095D08,Strathmore,0.1,NTU
2017-07-30,5280705,095D11,Strathmore,0.05,NTU
2017-10-08,5343715,095D09,Strathmore,0.1,NTU
2017-12-10,5386819,095D08,Strathmore,0.1,NTU
2018-02-25,5555997,095D08,Strathmore,0.1,NTU
2018-02-11,5459869,095D10,Strathmore,0.05,NTU
2017-10-01,5343393,095D01,Strathmore,0.1,NTU
2018-02-04,5459588,095D04,Strathmore,0.2,NTU
2017-12-03,5386536,095D06,Strathmore,0.1,NTU
2018-01-07,5457231,095D02,Strathmore,0.05,NTU
2018-05-27,5581709,095D09,Strathmore,0.2,NTU
2018-06-11,5582047,095D02,Strathmore,0.2,NTU
2018-04-02,5579843,095D03,Strathmore,0.05,NTU
2018-04-16,5580368,095D07,Strathmore,0.1,NTU
2018-07-15,5690691,095D10,Strathmore,0.3,NTU
2018-08-26,5735284,095D02,Strathmore,0.2,NTU
2018-09-23,5766589,095D04,Strathmore,0.2,NTU
2018-11-04,5847142,095D11,Strathmore,0.1,NTU
2017-10-29,5344637,095D03,Strathmore,0.1,NTU
2017-11-12,5385646,095D07,Strathmore,0.2,NTU
2018-10-07,5798101,095D06,Strathmore,0.2,NTU
2018-09-16,5766322,095D07,Strathmore,0.2,NTU
2018-12-02,5889028,095D07,Strathmore,0.05,NTU
2018-12-09,5889301,095D04,Strathmore,0.2,NTU
2019-01-13,5923485,095D09,Strathmore,0.2,NTU
2018-11-18,5847784,095D03,Strathmore,0.1,NTU
2017-10-22,5344373,095D02,Strathmore,0.2,NTU
2018-03-18,5480655,095D11,Strathmore,0.05,NTU
2018-09-09,5766029,095D05,Strathmore,0.2,NTU
2018-08-05,5734594,095D01,Strathmore,0.3,NTU
2018-06-24,5594933,095D05,Strathmore,0.1,NTU
2018-09-02,5765759,095D03,Strathmore,0.2,NTU
2018-09-30,5797865,095D10,Strathmore,5.192631824873388,NTU
2018-12-16,5889656,095D10,Strathmore,0.2,NTU
2018-10-28,5798987,095D09,Strathmore,0.2,NTU
2019-01-06,5923207,095D01,Strathmore,0.2,NTU
2017-10-15,5344087,095D11,Strathmore,0.2,NTU
2018-05-20,5581519,095D01,Strathmore,0.1,NTU
2018-10-14,5798388,095D08,Strathmore,0.2,NTU
2018-10-21,5798666,095D01,Strathmore,0.1,NTU
2018-11-11,5847391,095D02,Strathmore,0.3,NTU
2019-01-20,5923739,095D11,Strathmore,0.1,NTU
2018-11-26,5900112,095D05,Strathmore,0.2,NTU
